{"cameraMode":{"drawMode":0,"name":"Shaded","section":"Shading Mode"},"sceneLighting":false,"audioPlay":false,"sceneViewState":{"showFog":true,"showMaterialUpdate":false,"showSkybox":false,"showFlares":true,"showImageEffects":true,"showParticleSystems":true},"in2DMode":false,"pivot":{"x":-0.08282414823770523,"y":1.3220916986465455,"z":1.8204786777496338},"rotation":{"x":0.0028066271916031839,"y":-0.9867148995399475,"z":0.1615646332502365,"w":0.017135409638285638},"size":1.3678171634674073,"orthographic":false}