{"cameraMode":{"drawMode":0,"name":"Shaded","section":"Shading Mode"},"sceneLighting":false,"audioPlay":false,"sceneViewState":{"showFog":true,"showMaterialUpdate":false,"showSkybox":false,"showFlares":true,"showImageEffects":true,"showParticleSystems":true},"in2DMode":false,"pivot":{"x":-2.500004768371582,"y":-0.08029913902282715,"z":-2.4999969005584719},"rotation":{"x":0.2915695309638977,"y":0.10985222458839417,"z":-0.03372884541749954,"w":0.9496240019798279},"size":3.538715362548828,"orthographic":false}