{"cameraMode":{"drawMode":0,"name":"Shaded","section":"Shading Mode"},"sceneLighting":false,"audioPlay":false,"sceneViewState":{"showFog":true,"showMaterialUpdate":false,"showSkybox":false,"showFlares":true,"showImageEffects":true,"showParticleSystems":true},"in2DMode":false,"pivot":{"x":0.0,"y":0.008588850498199463,"z":-0.027702242136001588},"rotation":{"x":0.37375080585479739,"y":-0.4013131558895111,"z":0.1838463544845581,"w":0.8157693147659302},"size":0.8872047066688538,"orthographic":false}