{"cameraMode":{"drawMode":0,"name":"Shaded","section":"Shading Mode"},"sceneLighting":false,"audioPlay":false,"sceneViewState":{"showFog":true,"showMaterialUpdate":false,"showSkybox":false,"showFlares":true,"showImageEffects":true,"showParticleSystems":true},"in2DMode":false,"pivot":{"x":0.2707923352718353,"y":-0.10754496604204178,"z":-0.03310516104102135},"rotation":{"x":0.13576732575893403,"y":0.5849931240081787,"z":-0.10011718422174454,"w":0.7933024764060974},"size":0.28629574179649355,"orthographic":false}