{"cameraMode":{"drawMode":0,"name":"Shaded","section":"Shading Mode"},"sceneLighting":false,"audioPlay":false,"sceneViewState":{"showFog":true,"showMaterialUpdate":false,"showSkybox":false,"showFlares":true,"showImageEffects":true,"showParticleSystems":true},"in2DMode":false,"pivot":{"x":0.07240033149719238,"y":1.6936566829681397,"z":0.07639503479003906},"rotation":{"x":0.07163729518651962,"y":0.5834170579910278,"z":-0.05176785588264465,"w":0.8073537945747376},"size":4.735433578491211,"orthographic":false}