{"cameraMode":{"drawMode":0,"name":"Shaded","section":"Shading Mode"},"sceneLighting":false,"audioPlay":false,"sceneViewState":{"showFog":true,"showMaterialUpdate":false,"showSkybox":false,"showFlares":true,"showImageEffects":true,"showParticleSystems":true},"in2DMode":false,"pivot":{"x":-0.1276153326034546,"y":0.03933155536651611,"z":0.8890978693962097},"rotation":{"x":-0.3044646978378296,"y":0.3131319284439087,"z":-0.10672419518232346,"w":-0.8932562470436096},"size":0.9401335120201111,"orthographic":false}