{"cameraMode":{"drawMode":0,"name":"Shaded","section":"Shading Mode"},"sceneLighting":true,"audioPlay":false,"sceneViewState":{"showFog":true,"showMaterialUpdate":false,"showSkybox":true,"showFlares":true,"showImageEffects":true,"showParticleSystems":true},"in2DMode":false,"pivot":{"x":15.412765502929688,"y":-2.08941650390625,"z":-27.457836151123048},"rotation":{"x":0.007194621954113245,"y":-0.98487389087677,"z":0.16794486343860627,"w":0.042211443185806277},"size":10.0,"orthographic":false}