{"cameraMode":{"drawMode":0,"name":"Shaded","section":"Shading Mode"},"sceneLighting":false,"audioPlay":false,"sceneViewState":{"showFog":true,"showMaterialUpdate":false,"showSkybox":false,"showFlares":true,"showImageEffects":true,"showParticleSystems":true},"in2DMode":false,"pivot":{"x":-1.7183502912521363,"y":0.009255707263946534,"z":-1.2499984502792359},"rotation":{"x":0.01563938707113266,"y":-0.9260329604148865,"z":0.37514081597328188,"w":0.038604866713285449},"size":2.124983549118042,"orthographic":false}