{"cameraMode":{"drawMode":0,"name":"Shaded","section":"Shading Mode"},"sceneLighting":false,"audioPlay":false,"sceneViewState":{"showFog":true,"showMaterialUpdate":false,"showSkybox":false,"showFlares":true,"showImageEffects":true,"showParticleSystems":true},"in2DMode":false,"pivot":{"x":-0.00038166344165802,"y":0.6180320978164673,"z":-0.006364308297634125},"rotation":{"x":0.05694754049181938,"y":0.894981861114502,"z":-0.1196473017334938,"w":0.42601484060287478},"size":0.8089655637741089,"orthographic":false}