{"cameraMode":{"drawMode":0,"name":"Shaded","section":"Shading Mode"},"sceneLighting":false,"audioPlay":false,"sceneViewState":{"showFog":true,"showMaterialUpdate":false,"showSkybox":false,"showFlares":true,"showImageEffects":true,"showParticleSystems":true},"in2DMode":false,"pivot":{"x":-7.666999816894531,"y":0.9286074638366699,"z":-0.7399048805236816},"rotation":{"x":-0.17185506224632264,"y":0.7514508962631226,"z":-0.2152203619480133,"w":-0.5996322631835938},"size":4.201953411102295,"orthographic":false}