{"cameraMode":{"drawMode":0,"name":"Shaded","section":"Shading Mode"},"sceneLighting":true,"audioPlay":false,"sceneViewState":{"showFog":true,"showMaterialUpdate":false,"showSkybox":false,"showFlares":true,"showImageEffects":true,"showParticleSystems":true},"in2DMode":false,"pivot":{"x":0.21742424368858338,"y":-0.01438052300363779,"z":0.3768823444843292},"rotation":{"x":0.2469923496246338,"y":-0.3144156038761139,"z":0.08508196473121643,"w":0.91265469789505},"size":0.3443823456764221,"orthographic":false}