{"cameraMode":{"drawMode":0,"name":"Shaded","section":"Shading Mode"},"sceneLighting":false,"audioPlay":false,"sceneViewState":{"showFog":true,"showMaterialUpdate":false,"showSkybox":false,"showFlares":true,"showImageEffects":true,"showParticleSystems":true},"in2DMode":false,"pivot":{"x":-0.009078972041606903,"y":0.29280900955200198,"z":0.39224958419799807},"rotation":{"x":-0.39285004138946535,"y":-0.5733652114868164,"z":0.36291271448135378,"w":-0.6206602454185486},"size":0.02803717367351055,"orthographic":false}