{"cameraMode":{"drawMode":0,"name":"Shaded","section":"Shading Mode"},"sceneLighting":false,"audioPlay":false,"sceneViewState":{"showFog":true,"showMaterialUpdate":false,"showSkybox":false,"showFlares":true,"showImageEffects":true,"showParticleSystems":true},"in2DMode":false,"pivot":{"x":0.0,"y":0.2187395542860031,"z":-0.001888766884803772},"rotation":{"x":0.01563938707113266,"y":-0.9260329604148865,"z":0.37514081597328188,"w":0.038604866713285449},"size":0.40673673152923586,"orthographic":false}