{"cameraMode":{"drawMode":0,"name":"Shaded","section":"Shading Mode"},"sceneLighting":false,"audioPlay":false,"sceneViewState":{"showFog":true,"showMaterialUpdate":false,"showSkybox":false,"showFlares":true,"showImageEffects":true,"showParticleSystems":true},"in2DMode":false,"pivot":{"x":-1.271064281463623,"y":1.0844875574111939,"z":0.159246027469635},"rotation":{"x":-0.0032473390456289055,"y":-0.9951270222663879,"z":0.09221172332763672,"w":-0.03500960394740105},"size":1.4215267896652222,"orthographic":false}