{"cameraMode":{"drawMode":0,"name":"Shaded","section":"Shading Mode"},"sceneLighting":false,"audioPlay":false,"sceneViewState":{"showFog":true,"showMaterialUpdate":false,"showSkybox":false,"showFlares":true,"showImageEffects":true,"showParticleSystems":true},"in2DMode":false,"pivot":{"x":-0.7498279809951782,"y":0.06849983334541321,"z":-0.03955554962158203},"rotation":{"x":-0.007033142261207104,"y":0.9928549528121948,"z":-0.09139878302812576,"w":-0.07640505582094193},"size":1.1387324333190919,"orthographic":false}