{"cameraMode":{"drawMode":0,"name":"Shaded","section":"Shading Mode"},"sceneLighting":false,"audioPlay":false,"sceneViewState":{"showFog":true,"showMaterialUpdate":false,"showSkybox":false,"showFlares":true,"showImageEffects":true,"showParticleSystems":true},"in2DMode":false,"pivot":{"x":1.319696068763733,"y":0.39949166774749758,"z":-0.939376175403595},"rotation":{"x":0.09478733688592911,"y":0.8660760521888733,"z":-0.1797114759683609,"w":0.4568137526512146},"size":3.860654592514038,"orthographic":false}