{"cameraMode":{"drawMode":0,"name":"Shaded","section":"Shading Mode"},"sceneLighting":false,"audioPlay":false,"sceneViewState":{"showFog":true,"showMaterialUpdate":false,"showSkybox":false,"showFlares":true,"showImageEffects":true,"showParticleSystems":true},"in2DMode":false,"pivot":{"x":-3.8152408599853517,"y":1.3964723348617554,"z":-2.1680548191070558},"rotation":{"x":0.05616558715701103,"y":-0.9434869885444641,"z":0.21713365614414216,"w":0.24407969415187837},"size":1.2371512651443482,"orthographic":false}