{"cameraMode":{"drawMode":0,"name":"Shaded","section":"Shading Mode"},"sceneLighting":false,"audioPlay":false,"sceneViewState":{"showFog":true,"showMaterialUpdate":false,"showSkybox":false,"showFlares":true,"showImageEffects":true,"showParticleSystems":true},"in2DMode":false,"pivot":{"x":-1.3523602485656739,"y":0.8152000904083252,"z":1.6762611865997315},"rotation":{"x":-0.07235544174909592,"y":0.9044076800346375,"z":-0.17018692195415498,"w":-0.38451123237609866},"size":2.9488723278045656,"orthographic":true}