{"cameraMode":{"drawMode":0,"name":"Shaded","section":"Shading Mode"},"sceneLighting":false,"audioPlay":false,"sceneViewState":{"showFog":true,"showMaterialUpdate":false,"showSkybox":false,"showFlares":true,"showImageEffects":true,"showParticleSystems":true},"in2DMode":false,"pivot":{"x":-7.450580596923828e-9,"y":0.4061746597290039,"z":0.017277255654335023},"rotation":{"x":-0.10671835392713547,"y":-0.893044650554657,"z":0.296324223279953,"w":-0.3214903175830841},"size":0.5509601831436157,"orthographic":false}