{"cameraMode":{"drawMode":0,"name":"Shaded","section":"Shading Mode"},"sceneLighting":false,"audioPlay":false,"sceneViewState":{"showFog":true,"showMaterialUpdate":false,"showSkybox":false,"showFlares":true,"showImageEffects":true,"showParticleSystems":true},"in2DMode":false,"pivot":{"x":0.000047206878662109375,"y":0.8753131628036499,"z":0.04305647313594818},"rotation":{"x":-0.42520710825920107,"y":0.2621270418167114,"z":-0.13013559579849244,"w":-0.856486439704895},"size":1.2221300601959229,"orthographic":false}