{"cameraMode":{"drawMode":0,"name":"Shaded","section":"Shading Mode"},"sceneLighting":false,"audioPlay":false,"sceneViewState":{"showFog":true,"showMaterialUpdate":false,"showSkybox":false,"showFlares":true,"showImageEffects":true,"showParticleSystems":true},"in2DMode":false,"pivot":{"x":-10.404550552368164,"y":0.7384393215179443,"z":-1.731812834739685},"rotation":{"x":-0.09430038183927536,"y":0.8711856603622437,"z":-0.18428553640842439,"w":-0.4452807307243347},"size":4.201953411102295,"orthographic":false}