{"cameraMode":{"drawMode":0,"name":"Shaded","section":"Shading Mode"},"sceneLighting":false,"audioPlay":false,"sceneViewState":{"showFog":true,"showMaterialUpdate":false,"showSkybox":false,"showFlares":true,"showImageEffects":true,"showParticleSystems":true},"in2DMode":false,"pivot":{"x":22.98537826538086,"y":1.1241544485092164,"z":5.306364059448242},"rotation":{"x":0.16202974319458009,"y":-0.8375048041343689,"z":0.35340067744255068,"w":0.3839881718158722},"size":1.3934813737869263,"orthographic":false}