{"cameraMode":{"drawMode":0,"name":"Shaded","section":"Shading Mode"},"sceneLighting":false,"audioPlay":false,"sceneViewState":{"showFog":true,"showMaterialUpdate":false,"showSkybox":false,"showFlares":true,"showImageEffects":true,"showParticleSystems":true},"in2DMode":false,"pivot":{"x":-0.5446951389312744,"y":0.11968916654586792,"z":-0.952743649482727},"rotation":{"x":-0.1417194902896881,"y":-0.8422502279281616,"z":0.2674563229084015,"w":-0.44616740942001345},"size":0.90739506483078,"orthographic":false}