{"cameraMode":{"drawMode":0,"name":"Shaded","section":"Shading Mode"},"sceneLighting":false,"audioPlay":false,"sceneViewState":{"showFog":true,"showMaterialUpdate":false,"showSkybox":false,"showFlares":true,"showImageEffects":true,"showParticleSystems":true},"in2DMode":false,"pivot":{"x":-22.679325103759767,"y":-3.4419918060302736,"z":-3.093104362487793},"rotation":{"x":0.16779232025146485,"y":0.8269893527030945,"z":-0.4273725152015686,"w":0.3246062994003296},"size":14.145052909851075,"orthographic":false}