{"cameraMode":{"drawMode":0,"name":"Shaded","section":"Shading Mode"},"sceneLighting":false,"audioPlay":false,"sceneViewState":{"showFog":true,"showMaterialUpdate":false,"showSkybox":false,"showFlares":true,"showImageEffects":true,"showParticleSystems":true},"in2DMode":false,"pivot":{"x":-0.00038166344165802,"y":0.6180320978164673,"z":-0.006364308297634125},"rotation":{"x":0.3717195391654968,"y":-0.20303072035312653,"z":0.08367065340280533,"w":0.9020014405250549},"size":0.8089655637741089,"orthographic":false}