{"cameraMode":{"drawMode":0,"name":"Shaded","section":"Shading Mode"},"sceneLighting":false,"audioPlay":false,"sceneViewState":{"showFog":true,"showMaterialUpdate":false,"showSkybox":false,"showFlares":true,"showImageEffects":true,"showParticleSystems":true},"in2DMode":false,"pivot":{"x":0.0,"y":0.8522599339485169,"z":0.004760682582855225},"rotation":{"x":0.06906846910715103,"y":-0.925551176071167,"z":0.20629122853279115,"w":0.30988553166389468},"size":1.364528775215149,"orthographic":false}